user_id,dt,product
10000000012,2018-05-29,A
10000000064,2018-07-06,A
10000000089,2018-07-06,A
10000000108,2018-05-26,A
10000000132,2018-06-07,A
10000000161,2018-05-06,A
10000000165,2018-07-05,B
10000000244,2018-07-03,B
10000000257,2018-05-31,A
10000000272,2018-05-19,A
10000000291,2018-07-05,B
10000000315,2018-05-12,A
10000000315,2018-06-26,A
10000000351,2018-05-06,A
10000000367,2018-05-29,A
10000000410,2018-05-14,A
10000000412,2018-06-21,A
10000000422,2018-05-12,A
10000000456,2018-07-02,A
10000000482,2018-05-16,A
10000000504,2018-05-07,A
10000000551,2018-05-25,A
10000000563,2018-05-04,A
10000000655,2018-05-18,A
10000000759,2018-06-17,A
10000000785,2018-06-09,A
10000000795,2018-07-06,B
10000000839,2018-05-28,A
10000000851,2018-05-10,A
10000000856,2018-05-04,A
10000000861,2018-07-01,A
10000000867,2018-06-13,A
10000000882,2018-07-05,B
10000000969,2018-06-19,A
10000001029,2018-06-12,A
10000001039,2018-06-29,A
10000001045,2018-06-24,A
10000001134,2018-05-28,A
10000001200,2018-06-01,A
10000001207,2018-06-21,A
10000001426,2018-06-11,A
10000001446,2018-06-04,A
10000001467,2018-06-11,A
10000001481,2018-05-29,A
10000001569,2018-06-01,A
10000001600,2018-05-17,A
10000001694,2018-07-03,A
10000001762,2018-05-09,A
10000001792,2018-06-29,A
10000001831,2018-06-02,A
10000001865,2018-06-07,A
10000001930,2018-06-13,A
10000001974,2018-06-29,A
10000001984,2018-05-28,A
10000002008,2018-06-13,A
10000002049,2018-05-10,A
10000002051,2018-05-10,A
10000002187,2018-06-16,A
10000002228,2018-06-09,A
10000002260,2018-06-05,A
10000002308,2018-05-09,A
10000002323,2018-05-10,A
10000002360,2018-05-26,A
10000002422,2018-06-12,A
10000002443,2018-05-22,A
10000002479,2018-06-30,A
10000002494,2018-05-05,A
10000002514,2018-05-20,A
10000002549,2018-05-05,A
10000002572,2018-06-07,A
10000002626,2018-06-04,A
10000002663,2018-06-28,A
10000002709,2018-07-03,B
10000002711,2018-05-24,A
10000002774,2018-06-09,A
10000002843,2018-05-29,A
10000002929,2018-07-01,A
10000002974,2018-05-07,A
10000003040,2018-06-14,A
10000003050,2018-05-20,A
10000003052,2018-06-25,A
10000003082,2018-05-06,A
10000003140,2018-06-22,A
10000003173,2018-06-02,A
10000003198,2018-06-07,A
10000003272,2018-06-08,A
10000003313,2018-06-19,A
10000003349,2018-07-06,A
10000003356,2018-06-13,A
10000003380,2018-05-26,A
10000003398,2018-07-04,B
10000003404,2018-05-19,A
10000003468,2018-05-17,A
10000003498,2018-05-08,A
10000003585,2018-05-14,A
10000003665,2018-06-17,A
10000003717,2018-05-12,A
10000003727,2018-05-22,A
10000003732,2018-06-03,A
10000003760,2018-06-20,A
10000003780,2018-06-21,A
10000003809,2018-06-29,A
10000003906,2018-07-04,B
10000003916,2018-06-06,A
10000003940,2018-07-05,A
10000003977,2018-05-09,A
10000004097,2018-06-09,A
10000004108,2018-07-06,A
10000004172,2018-06-27,A
10000004210,2018-05-29,A
10000004254,2018-07-05,B
10000004266,2018-07-03,A
10000004343,2018-06-30,A
10000004362,2018-05-09,A
10000004387,2018-06-17,A
10000004461,2018-05-16,A
10000004502,2018-07-04,B
10000004549,2018-05-30,A
10000004565,2018-06-20,A
10000004654,2018-06-29,A
10000004782,2018-06-06,A
10000004789,2018-06-29,A
10000004857,2018-06-12,A
10000004866,2018-05-11,A
10000004891,2018-05-18,A
10000004907,2018-07-06,A
10000005046,2018-05-05,A
10000005064,2018-05-10,A
10000005125,2018-05-12,A
10000005147,2018-05-06,A
10000005163,2018-07-06,A
10000005165,2018-07-05,A
10000005184,2018-05-27,A
10000005197,2018-06-03,A
10000005213,2018-06-21,A
10000005230,2018-05-13,A
10000005235,2018-05-05,A
10000005258,2018-07-05,B
10000005272,2018-06-02,A
10000005277,2018-05-31,A
10000005305,2018-07-06,A
10000005317,2018-06-18,A
10000005323,2018-06-19,A
10000005325,2018-05-10,A
10000005374,2018-05-12,A
10000005527,2018-06-17,A
10000005613,2018-05-11,A
10000005678,2018-05-14,A
10000005680,2018-05-17,A
10000005700,2018-07-06,A
10000005716,2018-06-24,A
10000005754,2018-07-04,A
10000005806,2018-06-02,A
10000005883,2018-06-06,A
10000005901,2018-06-06,A
10000005955,2018-06-22,A
10000005985,2018-05-21,A
10000005989,2018-07-02,A
10000006011,2018-05-03,A
10000006098,2018-05-26,A
10000006105,2018-05-21,A
10000006200,2018-06-17,A
10000006216,2018-06-05,A
10000006255,2018-06-20,A
10000006312,2018-05-15,A
10000006328,2018-06-15,A
10000006336,2018-06-17,A
10000006359,2018-05-17,A
10000006359,2018-05-26,A
10000006374,2018-05-14,A
10000006379,2018-07-02,B
10000006384,2018-05-27,A
10000006458,2018-07-05,A
10000006533,2018-06-03,A
10000006616,2018-06-05,A
10000006763,2018-06-26,A
10000006820,2018-07-03,A
10000006919,2018-05-25,A
10000006931,2018-05-22,A
10000007043,2018-05-13,A
10000007050,2018-05-27,A
10000007103,2018-05-14,A
10000007125,2018-06-18,A
10000007154,2018-06-26,A
10000007212,2018-06-28,A
10000007255,2018-07-06,A
10000007275,2018-06-20,A
10000007278,2018-06-08,A
10000007304,2018-07-05,B
10000007309,2018-05-14,A
10000007355,2018-05-28,A
10000007467,2018-05-29,A
10000007511,2018-05-29,A
10000007513,2018-07-04,B
10000007529,2018-06-09,A
10000007555,2018-05-23,A
10000007568,2018-06-08,A
10000007660,2018-05-27,A
10000007667,2018-06-09,A
10000007707,2018-06-05,A
10000007725,2018-06-22,A
10000007750,2018-07-03,A
10000007755,2018-06-23,A
10000007836,2018-05-29,A
10000007920,2018-05-06,A
10000007941,2018-05-10,A
10000007965,2018-06-04,A
10000008039,2018-06-12,A
10000008066,2018-06-06,A
10000008072,2018-07-06,B
10000008093,2018-05-21,A
10000008093,2018-06-08,A
10000008116,2018-06-29,A
10000008163,2018-06-04,A
10000008193,2018-05-29,A
10000008263,2018-06-28,A
10000008264,2018-07-04,A
10000008283,2018-06-01,A
10000008308,2018-05-27,A
10000008356,2018-06-04,A
10000008357,2018-05-12,A
10000008373,2018-06-10,A
10000008465,2018-06-13,A
10000008518,2018-06-11,A
10000008566,2018-05-04,A
10000008578,2018-06-30,A
10000008598,2018-05-20,A
10000008623,2018-05-07,A
10000008633,2018-06-06,A
10000008664,2018-05-14,A
10000008669,2018-05-14,A
10000008734,2018-05-05,A
10000008820,2018-07-01,A
10000008841,2018-05-14,A
10000008882,2018-05-28,A
10000008887,2018-05-20,A
10000008914,2018-05-19,A
10000008937,2018-06-16,A
10000009036,2018-05-17,A
10000009065,2018-07-02,B
10000009105,2018-07-06,A
10000009108,2018-05-08,A
10000009119,2018-06-08,A
10000009138,2018-05-24,A
10000009160,2018-05-06,A
10000009176,2018-05-23,A
10000009190,2018-05-28,A
10000009269,2018-07-05,B
10000009285,2018-06-07,A
10000009381,2018-06-25,A
10000009434,2018-05-10,A
10000009468,2018-06-10,A
10000009477,2018-07-02,A
10000009520,2018-06-25,A
10000009589,2018-06-24,A
10000009636,2018-05-13,A
10000009648,2018-06-05,A
10000009684,2018-05-13,A
10000009744,2018-06-08,A
10000009795,2018-07-04,A
10000009935,2018-06-21,A
10000009976,2018-05-23,A
10000010090,2018-06-26,A
10000010222,2018-05-31,A
10000010264,2018-06-18,A
10000010407,2018-05-11,A
10000010427,2018-06-25,A
10000010528,2018-07-05,A
10000010545,2018-06-21,A
10000010580,2018-06-02,A
10000010702,2018-05-17,A
10000010732,2018-06-01,A
10000010756,2018-06-09,A
10000010832,2018-06-18,A
10000010927,2018-05-16,A
10000010927,2018-06-11,A
10000010928,2018-05-30,A
10000010964,2018-07-04,B
10000010966,2018-06-05,A
10000010989,2018-06-02,A
10000011039,2018-06-26,A
10000011052,2018-06-17,A
10000011122,2018-07-01,A
10000011146,2018-06-20,A
10000011154,2018-07-06,A
10000011182,2018-05-03,A
10000011188,2018-07-04,A
10000011269,2018-07-01,A
10000011272,2018-07-03,B
10000011280,2018-05-27,A
10000011303,2018-07-06,B
10000011307,2018-05-10,A
10000011314,2018-05-12,A
10000011324,2018-06-15,A
10000011473,2018-06-02,A
10000011491,2018-06-02,A
10000011492,2018-05-13,A
10000011510,2018-06-23,A
10000011563,2018-05-08,A
10000011575,2018-05-16,A
10000011600,2018-05-24,A
10000011640,2018-05-24,A
10000011652,2018-07-06,B
10000011665,2018-05-07,A
10000011693,2018-06-08,A
10000011889,2018-05-14,A
10000011933,2018-05-27,A
10000011987,2018-05-28,A
10000012089,2018-05-03,A
10000012102,2018-05-20,A
10000012112,2018-07-02,A
10000012148,2018-05-24,A
10000012241,2018-07-03,B
10000012260,2018-06-25,A
10000012304,2018-06-20,A
10000012377,2018-07-01,A
10000012382,2018-07-03,A
10000012383,2018-07-01,A
10000012392,2018-06-17,A
10000012467,2018-07-05,A
10000012499,2018-06-15,A
10000012535,2018-05-17,A
10000012612,2018-05-05,A
10000012656,2018-05-24,A
10000012671,2018-06-16,A
10000012703,2018-05-31,A
10000012708,2018-06-29,A
10000012882,2018-06-01,A
10000012920,2018-06-06,A
10000012961,2018-05-20,A
10000013022,2018-07-06,A
10000013076,2018-07-06,B
10000013163,2018-07-03,A
10000013201,2018-05-31,A
10000013266,2018-06-03,A
10000013368,2018-05-20,A
10000013450,2018-05-23,A
10000013455,2018-05-06,A
10000013461,2018-06-26,A
10000013466,2018-07-05,A
10000013478,2018-06-02,A
10000013522,2018-07-06,A
10000013593,2018-06-23,A
10000013595,2018-06-11,A
10000013601,2018-07-01,A
10000013617,2018-06-29,A
10000013637,2018-05-28,A
10000013658,2018-05-13,A
10000013693,2018-07-06,A
10000013858,2018-06-01,A
10000013869,2018-05-20,A
10000013889,2018-05-27,A
10000013944,2018-06-02,A
10000013993,2018-06-02,A
10000014065,2018-06-30,A
10000014068,2018-05-05,A
10000014082,2018-05-06,A
10000014123,2018-06-21,A
10000014165,2018-06-30,A
10000014186,2018-06-06,A
10000014234,2018-06-27,A
10000014252,2018-06-21,A
10000014268,2018-07-04,B
10000014360,2018-06-09,A
10000014479,2018-06-27,A
10000014494,2018-05-08,A
10000014569,2018-05-16,A
10000014619,2018-05-30,A
10000014668,2018-07-06,A
10000014669,2018-06-25,A
10000014763,2018-06-23,A
10000014795,2018-05-21,A
10000014816,2018-05-17,A
10000014945,2018-07-02,A
10000015089,2018-05-08,A
10000015092,2018-05-03,A
10000015104,2018-05-23,A
10000015216,2018-05-07,A
10000015278,2018-06-18,A
10000015279,2018-06-05,A
10000015366,2018-06-01,A
10000015376,2018-05-13,A
10000015387,2018-05-25,A
10000015431,2018-06-23,A
10000015460,2018-06-16,A
10000015466,2018-06-03,A
10000015697,2018-06-21,A
10000015756,2018-06-11,A
10000015763,2018-05-26,A
10000015764,2018-05-22,A
10000015767,2018-07-01,A
10000015786,2018-05-16,A
10000015813,2018-06-07,A
10000015860,2018-06-14,A
10000015938,2018-06-01,A
10000016066,2018-05-13,A
10000016079,2018-07-01,A
10000016082,2018-06-30,A
10000016085,2018-06-05,A
10000016091,2018-06-13,A
10000016118,2018-07-06,B
10000016155,2018-06-11,A
10000016205,2018-06-10,A
10000016271,2018-05-11,A
10000016363,2018-06-09,A
10000016377,2018-06-27,A
10000016439,2018-06-27,A
10000016485,2018-06-22,A
10000016493,2018-05-09,A
10000016574,2018-06-21,A
10000016580,2018-05-11,A
10000016627,2018-05-05,A
10000016695,2018-05-29,A
10000016754,2018-05-09,A
10000016820,2018-07-04,B
10000016831,2018-06-22,A
10000016891,2018-06-21,A
10000017046,2018-06-21,A
10000017124,2018-06-10,A
10000017143,2018-07-04,A
10000017171,2018-07-04,B
10000017280,2018-07-06,B
10000017305,2018-05-11,A
10000017315,2018-05-18,A
10000017321,2018-05-30,A
10000017327,2018-05-21,A
10000017336,2018-05-25,A
10000017360,2018-05-24,A
10000017406,2018-07-01,A
10000017408,2018-05-23,A
10000017467,2018-07-05,B
10000017497,2018-06-12,A
10000017508,2018-07-06,B
10000017617,2018-05-27,A
10000017707,2018-05-11,A
10000017779,2018-05-08,A
10000017828,2018-05-24,A
10000017834,2018-07-03,B
10000017922,2018-06-25,A
10000017935,2018-06-06,A
10000017976,2018-05-20,A
10000017991,2018-06-09,A
10000018000,2018-06-27,A
10000018023,2018-06-30,A
10000018040,2018-06-25,A
10000018072,2018-06-22,A
10000018132,2018-05-07,A
10000018382,2018-05-09,A
10000018450,2018-06-20,A
10000018451,2018-06-11,A
10000018505,2018-06-27,A
10000018557,2018-05-27,A
10000018577,2018-06-08,A
10000018606,2018-05-15,A
10000018611,2018-06-05,A
10000018652,2018-05-09,A
10000018766,2018-06-10,A
10000018779,2018-05-26,A
10000018802,2018-06-02,A
10000018833,2018-05-27,A
10000018949,2018-07-02,A
10000019045,2018-05-31,A
10000019058,2018-05-24,A
10000019083,2018-05-10,A
10000019111,2018-05-18,A
10000019176,2018-05-25,A
10000019206,2018-06-05,A
10000019313,2018-05-25,A
10000019374,2018-06-02,A
10000019382,2018-07-02,A
10000019400,2018-06-12,A
10000019440,2018-06-11,A
10000019475,2018-05-23,A
10000019550,2018-06-12,A
10000019567,2018-06-09,A
10000019584,2018-05-09,A
10000019630,2018-06-06,A
10000019647,2018-05-23,A
10000019666,2018-05-27,A
10000019684,2018-06-08,A
10000019751,2018-07-02,A
10000019764,2018-05-19,A
10000019849,2018-07-05,B
10000019864,2018-06-22,A
10000019928,2018-07-03,B
10000019944,2018-06-25,A
10000019950,2018-06-18,A
10000019951,2018-06-21,A
10000020059,2018-06-18,A
10000020069,2018-06-14,A
10000020075,2018-05-22,A
10000020086,2018-05-24,A
10000020156,2018-06-22,A
10000020165,2018-05-05,A
10000020188,2018-05-04,A
10000020260,2018-06-26,A
10000020265,2018-06-22,A
10000020397,2018-05-25,A
10000020400,2018-06-30,A
10000020437,2018-07-02,B
10000020473,2018-06-02,A
10000020617,2018-05-11,A
10000020653,2018-05-06,A
10000020668,2018-05-25,A
10000020672,2018-05-15,A
10000020690,2018-06-07,A
10000020701,2018-06-15,A
10000020717,2018-06-12,A
10000020768,2018-05-20,A
10000020769,2018-05-20,A
10000020868,2018-05-16,A
10000020869,2018-06-16,A
10000021166,2018-05-20,A
10000021192,2018-07-06,A
10000021207,2018-06-10,A
10000021211,2018-05-21,A
10000021215,2018-07-05,B
10000021229,2018-06-12,A
10000021239,2018-05-11,A
10000021281,2018-06-13,A
10000021341,2018-05-19,A
10000021384,2018-05-04,A
10000021435,2018-05-06,A
10000021507,2018-06-17,A
10000021516,2018-05-28,A
10000021536,2018-06-05,A
10000021540,2018-05-04,A
10000021563,2018-06-17,A
10000021590,2018-06-04,A
10000021655,2018-07-03,A
10000021665,2018-05-25,A
10000021689,2018-05-24,A
10000021695,2018-07-06,B
10000021736,2018-05-07,A
10000021736,2018-06-04,A
10000021740,2018-05-06,A
10000021754,2018-06-17,A
10000021800,2018-06-15,A
10000021802,2018-05-12,A
10000021962,2018-05-10,A
10000021974,2018-07-05,A
10000022018,2018-07-03,B
10000022035,2018-05-23,A
10000022098,2018-06-22,A
10000022118,2018-06-19,A
10000022306,2018-06-28,A
10000022339,2018-06-02,A
10000022369,2018-07-06,B
10000022390,2018-06-25,A
10000022397,2018-07-01,A
10000022421,2018-05-18,A
10000022437,2018-06-10,A
10000022438,2018-07-04,A
10000022470,2018-06-03,A
10000022487,2018-07-01,A
10000022514,2018-05-23,A
10000022555,2018-07-05,B
10000022623,2018-06-27,A
10000022666,2018-06-07,A
10000022677,2018-05-24,A
10000022687,2018-05-11,A
10000022777,2018-06-26,A
10000022809,2018-06-23,A
10000022875,2018-05-05,A
10000022879,2018-06-05,A
10000022885,2018-07-04,A
10000022915,2018-05-23,A
10000022975,2018-06-10,A
10000023004,2018-06-11,A
10000023008,2018-06-22,A
10000023058,2018-05-30,A
10000023091,2018-05-17,A
10000023102,2018-06-22,A
10000023142,2018-05-20,A
10000023191,2018-07-03,A
10000023233,2018-06-03,A
10000023275,2018-07-02,B
10000023365,2018-07-06,A
10000023378,2018-06-20,A
10000023394,2018-07-05,A
10000023417,2018-05-09,A
10000023470,2018-05-31,A
10000023509,2018-06-12,A
10000023593,2018-05-05,A
10000023599,2018-05-18,A
10000023600,2018-07-01,A
10000023616,2018-06-12,A
10000023677,2018-05-10,A
10000023699,2018-05-24,A
10000023718,2018-06-12,A
10000023720,2018-05-15,A
10000023725,2018-06-22,A
10000023782,2018-06-04,A
10000023796,2018-05-30,A
10000023836,2018-05-11,A
10000023842,2018-05-13,A
10000023883,2018-06-27,A
10000023902,2018-06-14,A
10000023911,2018-06-26,A
10000023935,2018-07-02,B
10000023982,2018-05-22,A
10000023986,2018-05-27,A
10000023989,2018-06-18,A
10000024091,2018-06-12,A
10000024095,2018-07-02,A
10000024111,2018-06-30,A
10000024122,2018-06-29,A
10000024130,2018-06-13,A
10000024131,2018-05-14,A
10000024189,2018-07-03,A
10000024261,2018-06-07,A
10000024336,2018-07-01,A
10000024380,2018-06-22,A
10000024422,2018-05-26,A
10000024428,2018-07-04,B
10000024435,2018-05-18,A
10000024439,2018-05-22,A
10000024460,2018-07-03,B
10000024469,2018-07-06,B
10000024501,2018-06-03,A
10000024586,2018-06-09,A
10000024620,2018-07-03,A
10000024699,2018-05-19,A
10000024728,2018-05-22,A
10000024742,2018-07-05,A
10000024769,2018-06-02,A
10000024816,2018-05-22,A
10000024823,2018-06-20,A
10000024913,2018-05-03,A
10000024970,2018-05-19,A
10000024974,2018-05-07,A
10000025013,2018-05-12,A
10000025024,2018-05-07,A
10000025038,2018-07-01,A
10000025045,2018-07-05,A
10000025194,2018-05-22,A
10000025235,2018-05-22,A
10000025254,2018-06-15,A
10000025278,2018-06-04,A
10000025322,2018-07-03,B
10000025369,2018-06-18,A
10000025398,2018-06-17,A
10000025420,2018-05-21,A
10000025605,2018-06-22,A
10000025607,2018-05-22,A
10000025619,2018-05-10,A
10000025639,2018-06-17,A
10000025679,2018-05-04,A
10000025790,2018-05-24,A
10000025859,2018-05-11,A
10000025867,2018-05-10,A
10000025907,2018-06-25,A
10000025944,2018-05-06,A
10000025983,2018-05-24,A
10000025990,2018-06-21,A
10000026001,2018-05-27,A
10000026038,2018-05-17,A
10000026052,2018-06-05,A
10000026208,2018-06-18,A
10000026225,2018-05-06,A
10000026245,2018-06-01,A
10000026248,2018-06-27,A
10000026261,2018-06-27,A
10000026300,2018-06-10,A
10000026324,2018-06-05,A
10000026328,2018-05-20,A
10000026489,2018-06-15,A
10000026508,2018-05-12,A
10000026544,2018-06-06,A
10000026592,2018-05-13,A
10000026595,2018-06-18,A
10000026598,2018-06-17,A
10000026608,2018-05-13,A
10000026657,2018-05-11,A
10000026673,2018-05-12,A
10000026701,2018-06-16,A
10000026764,2018-07-06,B
10000026806,2018-05-21,A
10000026862,2018-05-30,A
10000026887,2018-06-05,A
10000026962,2018-05-10,A
10000027142,2018-06-20,A
10000027148,2018-06-09,A
10000027186,2018-07-05,A
10000027194,2018-07-01,A
10000027215,2018-06-29,A
10000027233,2018-07-06,A
10000027250,2018-05-14,A
10000027362,2018-07-03,A
10000027368,2018-06-28,A
10000027382,2018-06-02,A
10000027433,2018-06-10,A
10000027440,2018-06-10,A
10000027485,2018-05-25,A
10000027516,2018-05-05,A
10000027518,2018-06-18,A
10000027525,2018-06-07,A
10000027567,2018-05-15,A
10000027635,2018-06-06,A
10000027668,2018-06-10,A
10000027679,2018-05-19,A
10000027691,2018-07-04,A
10000027791,2018-05-31,A
10000027837,2018-05-16,A
10000027846,2018-05-30,A
10000027927,2018-05-09,A
10000027955,2018-07-04,B
10000028067,2018-05-31,A
10000028086,2018-05-25,A
10000028107,2018-05-08,A
10000028111,2018-06-04,A
10000028113,2018-06-09,A
10000028116,2018-07-04,A
10000028131,2018-06-28,A
10000028261,2018-05-07,A
10000028391,2018-06-07,A
10000028408,2018-07-05,B
10000028409,2018-06-04,A
10000028419,2018-06-24,A
10000028443,2018-06-06,A
10000028456,2018-05-16,A
10000028466,2018-06-28,A
10000028516,2018-06-03,A
10000028530,2018-05-23,A
10000028556,2018-07-03,A
10000028561,2018-07-06,A
10000028566,2018-05-31,A
10000028647,2018-05-09,A
10000028661,2018-07-02,A
10000028669,2018-06-16,A
10000028676,2018-05-24,A
10000028677,2018-06-12,A
10000028688,2018-05-15,A
10000028701,2018-06-04,A
10000028715,2018-05-20,A
10000028760,2018-05-28,A
10000028783,2018-06-25,A
10000028846,2018-05-24,A
10000028941,2018-06-25,A
10000028943,2018-06-09,A
10000028950,2018-06-07,A
10000028979,2018-07-03,A
10000029000,2018-07-04,A
10000029039,2018-05-11,A
10000029064,2018-06-27,A
10000029098,2018-05-19,A
10000029123,2018-05-27,A
10000029133,2018-07-04,A
10000029188,2018-07-02,A
10000029205,2018-05-06,A
10000029218,2018-05-07,A
10000029245,2018-05-17,A
10000029325,2018-06-04,A
10000029397,2018-05-12,A
10000029483,2018-06-01,A
10000029533,2018-05-05,A
10000029533,2018-07-04,B
10000029545,2018-06-14,A
10000029578,2018-06-25,A
10000029595,2018-06-10,A
10000029623,2018-06-28,A
10000029632,2018-05-25,A
10000029659,2018-05-07,A
10000029720,2018-05-12,A
10000029749,2018-06-15,A
10000029756,2018-06-14,A
10000029779,2018-06-06,A
10000029845,2018-05-22,A
10000029850,2018-06-21,A
10000029872,2018-06-24,A
10000029916,2018-06-20,A
10000029963,2018-06-17,A
10000029980,2018-05-17,A
10000030011,2018-05-10,A
10000030026,2018-07-05,B
10000030043,2018-05-08,A
10000030082,2018-05-03,A
10000030147,2018-05-22,A
10000030224,2018-07-06,B
10000030283,2018-05-27,A
10000030350,2018-06-19,A
10000030492,2018-06-16,A
10000030603,2018-06-21,A
10000030650,2018-05-03,A
10000030664,2018-07-05,A
10000030720,2018-06-30,A
10000030731,2018-05-29,A
10000030784,2018-05-25,A
10000030793,2018-07-05,B
10000030868,2018-07-03,A
10000030875,2018-05-30,A
10000030888,2018-05-14,A
10000030890,2018-06-12,A
10000030899,2018-05-26,A
10000030968,2018-06-19,A
10000031008,2018-05-03,A
10000031017,2018-06-30,A
10000031035,2018-05-20,A
10000031045,2018-06-22,A
10000031052,2018-06-08,A
10000031062,2018-06-07,A
10000031092,2018-05-28,A
10000031153,2018-06-24,A
10000031177,2018-06-30,A
10000031183,2018-07-03,A
10000031203,2018-05-25,A
10000031252,2018-05-10,A
10000031257,2018-06-05,A
10000031268,2018-05-22,A
10000031312,2018-07-01,A
10000031320,2018-06-14,A
10000031387,2018-07-05,B
10000031393,2018-05-04,A
10000031415,2018-05-06,A
10000031465,2018-05-27,A
10000031479,2018-06-19,A
10000031536,2018-06-08,A
10000031555,2018-06-08,A
10000031580,2018-05-04,A
10000031637,2018-06-22,A
10000031639,2018-05-15,A
10000031732,2018-05-26,A
10000031735,2018-06-02,A
10000031754,2018-05-19,A
10000031756,2018-06-20,A
10000031800,2018-05-13,A
10000031812,2018-06-28,A
10000031833,2018-05-06,A
10000031836,2018-05-19,A
10000031845,2018-05-14,A
10000031883,2018-05-26,A
10000031921,2018-05-04,A
10000031985,2018-06-21,A
10000032185,2018-06-01,A
10000032194,2018-06-28,A
10000032209,2018-05-12,A
10000032213,2018-05-14,A
10000032289,2018-05-12,A
10000032335,2018-07-02,A
10000032421,2018-07-05,A
10000032422,2018-07-02,A
10000032513,2018-05-08,A
10000032519,2018-06-28,A
10000032598,2018-06-28,A
10000032627,2018-05-15,A
10000032664,2018-06-10,A
10000032669,2018-06-20,A
10000032679,2018-06-28,A
10000032729,2018-05-19,A
10000032746,2018-06-21,A
10000032749,2018-07-04,A
10000032974,2018-06-15,A
10000032984,2018-06-17,A
10000033000,2018-06-26,A
10000033012,2018-05-05,A
10000033045,2018-05-13,A
10000033076,2018-07-05,A
10000033260,2018-06-02,A
10000033280,2018-07-05,A
10000033341,2018-05-26,A
10000033542,2018-06-01,A
10000033601,2018-05-13,A
10000033651,2018-05-23,A
10000033655,2018-06-25,A
10000033662,2018-05-30,A
10000033670,2018-07-02,A
10000033715,2018-05-16,A
10000033776,2018-06-05,A
10000033812,2018-06-17,A
10000033826,2018-06-18,A
10000033835,2018-05-31,A
10000033858,2018-06-02,A
10000033968,2018-06-16,A
10000034004,2018-05-11,A
10000034088,2018-06-04,A
10000034099,2018-06-01,A
10000034115,2018-05-20,A
10000034193,2018-05-18,A
10000034213,2018-06-01,A
10000034263,2018-06-22,A
10000034309,2018-05-18,A
10000034328,2018-06-05,A
10000034342,2018-05-03,A
10000034360,2018-07-06,A
10000034365,2018-05-03,A
10000034451,2018-05-13,A
10000034611,2018-05-12,A
10000034681,2018-07-03,A
10000034683,2018-05-06,A
10000034687,2018-06-29,A
10000034766,2018-07-06,A
10000034771,2018-06-05,A
10000034879,2018-05-13,A
10000034910,2018-06-10,A
10000034927,2018-05-26,A
10000035016,2018-05-28,A
10000035033,2018-05-25,A
10000035092,2018-07-02,A
10000035100,2018-05-27,A
10000035105,2018-06-15,A
10000035139,2018-05-30,A
10000035142,2018-05-20,A
10000035184,2018-05-22,A
10000035204,2018-06-10,A
10000035223,2018-06-21,A
10000035244,2018-06-26,A
10000035278,2018-07-05,A
10000035297,2018-06-20,A
10000035365,2018-05-17,A
10000035418,2018-05-30,A
10000035419,2018-06-15,A
10000035476,2018-06-04,A
10000035506,2018-05-12,A
10000035596,2018-05-06,A
10000035645,2018-07-04,B
10000035709,2018-06-26,A
10000035733,2018-06-24,A
10000035789,2018-06-13,A
10000035823,2018-06-19,A
10000035827,2018-05-09,A
10000035845,2018-06-26,A
10000035855,2018-05-08,A
10000035866,2018-05-23,A
10000035930,2018-05-15,A
10000035966,2018-05-07,A
10000035977,2018-05-04,A
10000035993,2018-05-03,A
10000036017,2018-06-21,A
10000036053,2018-06-22,A
10000036108,2018-05-08,A
10000036122,2018-06-18,A
10000036217,2018-06-11,A
10000036355,2018-06-02,A
10000036361,2018-05-14,A
10000036392,2018-06-12,A
10000036464,2018-05-12,A
10000036565,2018-05-03,A
10000036595,2018-06-06,A
10000036639,2018-06-02,A
10000036679,2018-06-29,A
10000036683,2018-07-06,A
10000036855,2018-07-05,B
10000036865,2018-05-21,A
10000036902,2018-05-06,A
10000036904,2018-06-19,A
10000036986,2018-06-15,A
10000037005,2018-06-11,A
10000037054,2018-07-06,B
10000037130,2018-05-22,A
10000037142,2018-06-19,A
10000037167,2018-06-13,A
10000037195,2018-06-28,A
10000037231,2018-06-21,A
10000037232,2018-06-21,A
10000037279,2018-07-03,A
10000037294,2018-06-30,A
10000037348,2018-05-05,A
10000037361,2018-06-28,A
10000037365,2018-05-12,A
10000037445,2018-06-07,A
10000037549,2018-06-30,A
10000037553,2018-05-13,A
10000037563,2018-07-06,B
10000037579,2018-06-10,A
10000037645,2018-05-18,A
10000037683,2018-05-04,A
10000037751,2018-05-13,A
10000037753,2018-05-22,A
10000037799,2018-05-24,A
10000037845,2018-05-15,A
10000037876,2018-06-14,A
10000037905,2018-07-02,A
10000037965,2018-06-17,A
10000037999,2018-07-04,B
10000038034,2018-06-10,A
10000038094,2018-06-03,A
10000038126,2018-07-05,A
10000038148,2018-06-22,A
10000038214,2018-07-06,A
10000038224,2018-05-08,A
10000038267,2018-06-17,A
10000038272,2018-05-19,A
10000038320,2018-06-26,A
10000038344,2018-06-26,A
10000038362,2018-06-16,A
10000038457,2018-05-30,A
10000038481,2018-06-15,A
10000038566,2018-06-02,A
10000038600,2018-05-19,A
10000038647,2018-05-07,A
10000038652,2018-06-04,A
10000038678,2018-05-26,A
10000038714,2018-06-02,A
10000038783,2018-06-13,A
10000038788,2018-07-05,A
10000038845,2018-06-10,A
10000038883,2018-07-02,A
10000038910,2018-06-30,A
10000038955,2018-06-12,A
10000038983,2018-06-17,A
10000038998,2018-06-03,A
10000039027,2018-05-06,A
10000039064,2018-07-05,B
10000039088,2018-06-19,A
10000039098,2018-05-31,A
10000039127,2018-05-25,A
10000039179,2018-06-10,A
10000039357,2018-06-14,A
10000039371,2018-05-04,A
10000039420,2018-06-07,A
10000039434,2018-07-04,B
10000039447,2018-05-23,A
10000039472,2018-06-04,A
10000039513,2018-06-29,A
10000039515,2018-06-18,A
10000039530,2018-06-14,A
10000039654,2018-05-30,A
10000039658,2018-05-15,A
10000039675,2018-06-26,A
10000039798,2018-05-21,A
10000039874,2018-06-02,A
10000039892,2018-05-21,A
10000039907,2018-05-11,A
10000039933,2018-07-03,A
10000039980,2018-05-25,A
10000040024,2018-05-09,A
10000040118,2018-05-19,A
10000040300,2018-05-29,A
10000040318,2018-05-19,A
10000040334,2018-05-26,A
10000040408,2018-05-18,A
10000040429,2018-05-24,A
10000040466,2018-05-11,A
10000040477,2018-05-19,A
10000040562,2018-05-11,A
10000040697,2018-06-30,A
10000040738,2018-05-12,A
10000040787,2018-06-04,A
10000040832,2018-05-30,A
10000040870,2018-05-23,A
10000040931,2018-06-23,A
10000040977,2018-06-23,A
10000040996,2018-05-25,A
10000041000,2018-06-30,A
10000041045,2018-06-28,A
10000041064,2018-06-15,A
10000041118,2018-06-07,A
10000041168,2018-06-27,A
10000041217,2018-06-03,A
10000041240,2018-05-09,A
10000041253,2018-07-04,B
10000041292,2018-05-06,A
10000041293,2018-06-23,A
10000041469,2018-06-06,A
10000041480,2018-07-04,A
10000041533,2018-06-20,A
10000041541,2018-05-16,A
10000041568,2018-05-19,A
10000041582,2018-05-12,A
10000041605,2018-05-17,A
10000041628,2018-06-04,A
10000041628,2018-06-13,A
10000041760,2018-06-03,A
10000041763,2018-05-30,A
10000041764,2018-05-03,A
10000041775,2018-06-02,A
10000041903,2018-06-23,A
10000041918,2018-05-24,A
10000041973,2018-06-21,A
10000041988,2018-05-12,A
10000041991,2018-06-05,A
10000042004,2018-05-23,A
10000042114,2018-05-28,A
10000042122,2018-05-09,A
10000042151,2018-06-08,A
10000042162,2018-05-26,A
10000042181,2018-07-03,B
10000042233,2018-06-26,A
10000042238,2018-06-10,A
10000042269,2018-05-12,A
10000042354,2018-06-19,A
10000042395,2018-06-01,A
10000042398,2018-06-07,A
10000042524,2018-06-14,A
10000042559,2018-05-31,A
10000042572,2018-05-05,A
10000042596,2018-06-20,A
10000042688,2018-06-20,A
10000042703,2018-05-19,A
10000042713,2018-07-06,A
10000042729,2018-06-26,A
10000042732,2018-06-05,A
10000042861,2018-05-14,A
10000042864,2018-05-14,A
10000042887,2018-06-26,A
10000042890,2018-06-25,A
10000042897,2018-06-13,A
10000042915,2018-05-18,A
10000042928,2018-07-06,B
10000042936,2018-05-24,A
10000043022,2018-06-05,A
10000043056,2018-06-11,A
10000043068,2018-05-11,A
10000043092,2018-05-06,A
10000043101,2018-06-15,A
10000043142,2018-07-02,A
10000043198,2018-07-02,B
10000043215,2018-05-24,A
10000043255,2018-06-11,A
10000043291,2018-06-12,A
10000043363,2018-06-27,A
10000043365,2018-06-06,A
10000043430,2018-06-09,A
10000043453,2018-05-27,A
10000043488,2018-06-23,A
10000043510,2018-05-24,A
10000043517,2018-06-22,A
10000043536,2018-06-10,A
10000043612,2018-05-17,A
10000043629,2018-06-03,A
10000043682,2018-06-09,A
10000043726,2018-06-16,A
10000043774,2018-06-05,A
10000043781,2018-05-23,A
10000043781,2018-06-16,A
10000043789,2018-06-05,A
10000043853,2018-07-05,B
10000043889,2018-05-24,A
10000044035,2018-06-04,A
10000044097,2018-05-10,A
10000044123,2018-07-03,A
10000044126,2018-05-26,A
10000044210,2018-06-12,A
10000044257,2018-06-10,A
10000044263,2018-06-06,A
10000044306,2018-06-28,A
10000044315,2018-06-27,A
10000044335,2018-05-13,A
10000044347,2018-06-23,A
10000044363,2018-05-26,A
10000044392,2018-06-05,A
10000044426,2018-05-19,A
10000044426,2018-06-28,A
10000044513,2018-06-07,A
10000044530,2018-06-11,A
10000044530,2018-07-02,B
10000044657,2018-05-11,A
10000044777,2018-05-19,A
10000044844,2018-06-23,A
10000044873,2018-06-06,A
10000044963,2018-05-29,A
10000045038,2018-06-11,A
10000045129,2018-07-06,A
10000045148,2018-05-21,A
10000045154,2018-06-11,A
10000045160,2018-06-24,A
10000045169,2018-05-24,A
10000045170,2018-06-12,A
10000045293,2018-07-06,B
10000045333,2018-05-10,A
10000045347,2018-06-05,A
10000045351,2018-06-11,A
10000045400,2018-05-15,A
10000045400,2018-06-16,A
10000045445,2018-05-06,A
10000045525,2018-05-23,A
10000045816,2018-05-29,A
10000045832,2018-06-24,A
10000045844,2018-06-14,A
10000045885,2018-05-16,A
10000045919,2018-05-19,A
10000045959,2018-06-04,A
10000045988,2018-06-15,A
10000046010,2018-05-21,A
10000046056,2018-05-11,A
10000046088,2018-06-09,A
10000046101,2018-05-30,A
10000046162,2018-07-05,A
10000046223,2018-07-06,A
10000046291,2018-07-04,A
10000046295,2018-06-22,A
10000046333,2018-06-28,A
10000046381,2018-05-18,A
10000046598,2018-05-14,A
10000046630,2018-06-30,A
10000046667,2018-06-20,A
10000046706,2018-06-21,A
10000046802,2018-07-04,B
10000046813,2018-05-24,A
10000046831,2018-05-27,A
10000046884,2018-06-03,A
10000046903,2018-06-10,A
10000046944,2018-06-23,A
10000047013,2018-05-06,A
10000047022,2018-05-17,A
10000047102,2018-07-06,A
10000047130,2018-06-29,A
10000047205,2018-05-06,A
10000047217,2018-05-25,A
10000047242,2018-06-03,A
10000047300,2018-07-04,B
10000047397,2018-05-13,A
10000047456,2018-06-29,A
10000047484,2018-06-27,A
10000047489,2018-06-11,A
10000047516,2018-06-21,A
10000047528,2018-05-08,A
10000047564,2018-07-02,A
10000047625,2018-06-08,A
10000047703,2018-05-11,A
10000047706,2018-06-25,A
10000047720,2018-06-04,A
10000047810,2018-05-24,A
10000047843,2018-06-15,A
10000047867,2018-06-11,A
10000047881,2018-06-16,A
10000047940,2018-05-15,A
10000047945,2018-06-16,A
10000047955,2018-06-08,A
10000047955,2018-07-03,B
10000047963,2018-05-05,A
10000047964,2018-06-17,A
10000047983,2018-05-13,A
10000048031,2018-05-21,A
10000048072,2018-06-14,A
10000048084,2018-05-11,A
10000048086,2018-07-05,B
10000048089,2018-06-21,A
10000048097,2018-06-13,A
10000048107,2018-05-16,A
10000048174,2018-06-24,A
10000048200,2018-06-11,A
10000048228,2018-07-02,B
10000048230,2018-06-06,A
10000048250,2018-05-27,A
10000048261,2018-05-29,A
10000048268,2018-06-29,A
10000048341,2018-06-16,A
10000048362,2018-05-11,A
10000048409,2018-05-21,A
10000048426,2018-05-04,A
10000048438,2018-07-01,A
10000048469,2018-06-11,A
10000048475,2018-07-02,A
10000048478,2018-05-23,A
10000048485,2018-06-13,A
10000048543,2018-06-04,A
10000048572,2018-06-14,A
10000048624,2018-05-04,A
10000048683,2018-06-15,A
10000048686,2018-05-21,A
10000048725,2018-07-04,B
10000048873,2018-05-10,A
10000048897,2018-06-19,A
10000049095,2018-06-10,A
10000049121,2018-05-23,A
10000049122,2018-05-09,A
10000049125,2018-05-06,A
10000049268,2018-07-02,B
10000049272,2018-06-16,A
10000049288,2018-05-20,A
10000049307,2018-05-26,A
10000049309,2018-05-09,A
10000049355,2018-05-18,A
10000049397,2018-05-21,A
10000049540,2018-05-29,A
10000049563,2018-05-03,A
10000049577,2018-05-04,A
10000049690,2018-06-21,A
10000049766,2018-05-03,A
10000049897,2018-05-21,A
10000049898,2018-07-06,A
10000049900,2018-06-21,A
10000049909,2018-07-02,A
10000049959,2018-06-21,A
10000049984,2018-06-27,A
10000050031,2018-05-06,A
10000050058,2018-05-25,A
10000050166,2018-05-18,A
10000050198,2018-06-07,A
10000050229,2018-06-15,A
10000050233,2018-05-15,A
10000050269,2018-05-12,A
10000050320,2018-07-03,B
10000050345,2018-06-04,A
10000050375,2018-07-02,B
10000050454,2018-06-24,A
10000050474,2018-07-01,A
10000050483,2018-06-14,A
10000050496,2018-07-03,B
10000050514,2018-05-22,A
10000050522,2018-07-03,A
10000050530,2018-06-16,A
10000050548,2018-05-28,A
10000050661,2018-06-21,A
10000050661,2018-06-22,A
10000050686,2018-06-14,A
10000050816,2018-06-05,A
10000050824,2018-05-12,A
10000050831,2018-05-25,A
10000050879,2018-05-03,A
10000051045,2018-07-02,A
10000051135,2018-07-04,A
10000051297,2018-06-20,A
10000051322,2018-07-06,A
10000051343,2018-05-11,A
10000051354,2018-06-17,A
10000051424,2018-06-10,A
10000051445,2018-05-04,A
10000051464,2018-05-10,A
10000051645,2018-06-21,A
10000051668,2018-06-05,A
10000051682,2018-05-22,A
10000051690,2018-05-20,A
10000051712,2018-05-08,A
10000051726,2018-07-03,A
10000051800,2018-07-05,A
10000051851,2018-07-06,B
10000051874,2018-06-14,A
10000051911,2018-06-17,A
10000051974,2018-06-16,A
10000051985,2018-05-17,A
10000052005,2018-06-22,A
10000052009,2018-07-05,B
10000052014,2018-06-07,A
10000052024,2018-07-01,A
10000052184,2018-07-04,B
10000052188,2018-05-18,A
10000052209,2018-05-06,A
10000052209,2018-05-11,A
10000052209,2018-06-09,A
10000052236,2018-06-02,A
10000052251,2018-05-31,A
10000052274,2018-05-26,A
10000052274,2018-06-26,A
10000052279,2018-07-02,B
10000052281,2018-05-03,A
10000052303,2018-07-03,B
10000052333,2018-05-11,A
10000052382,2018-06-23,A
10000052428,2018-05-14,A
10000052495,2018-05-11,A
10000052566,2018-05-04,A
10000052731,2018-06-19,A
10000052812,2018-05-26,A
10000052852,2018-05-14,A
10000052858,2018-06-04,A
10000052959,2018-06-16,A
10000052971,2018-06-17,A
10000052981,2018-06-07,A
10000053000,2018-06-29,A
10000053015,2018-06-07,A
10000053040,2018-06-05,A
10000053114,2018-06-25,A
10000053125,2018-05-30,A
10000053184,2018-05-10,A
10000053189,2018-07-04,A
10000053214,2018-05-28,A
10000053230,2018-06-02,A
10000053313,2018-06-28,A
10000053346,2018-07-03,A
10000053375,2018-06-24,A
10000053388,2018-05-20,A
10000053463,2018-06-28,A
10000053554,2018-05-04,A
10000053693,2018-05-23,A
10000053701,2018-06-28,A
10000053727,2018-07-03,B
10000053742,2018-06-07,A
10000053749,2018-05-31,A
10000053761,2018-05-23,A
10000053762,2018-06-08,A
10000053780,2018-06-25,A
10000053787,2018-07-05,A
10000053834,2018-05-21,A
10000053840,2018-05-29,A
10000053872,2018-06-15,A
10000053947,2018-06-03,A
10000053966,2018-06-13,A
10000053972,2018-06-27,A
10000054012,2018-06-20,A
10000054019,2018-06-03,A
10000054027,2018-05-18,A
10000054065,2018-05-26,A
10000054110,2018-05-17,A
10000054111,2018-06-24,A
10000054160,2018-06-16,A
10000054172,2018-05-14,A
10000054240,2018-06-18,A
10000054262,2018-07-02,A
10000054265,2018-05-12,A
10000054272,2018-05-21,A
10000054283,2018-05-14,A
10000054314,2018-06-26,A
10000054321,2018-05-17,A
10000054328,2018-05-10,A
10000054343,2018-05-18,A
10000054381,2018-05-17,A
10000054419,2018-07-03,A
10000054436,2018-05-26,A
10000054541,2018-07-02,B
10000054629,2018-06-22,A
10000054662,2018-07-05,A
10000054741,2018-05-17,A
10000054785,2018-07-05,B
10000054832,2018-05-04,A
10000054946,2018-05-26,A
10000054960,2018-05-22,A
10000055003,2018-05-12,A
10000055041,2018-07-02,A
10000055056,2018-06-19,A
10000055181,2018-06-25,A
10000055253,2018-06-16,A
10000055253,2018-07-02,B
10000055332,2018-06-19,A
10000055423,2018-05-06,A
10000055487,2018-06-24,A
10000055488,2018-06-24,A
10000055522,2018-05-11,A
10000055539,2018-06-11,A
10000055590,2018-06-20,A
10000055665,2018-07-02,A
10000055709,2018-06-07,A
10000055733,2018-06-18,A
10000055757,2018-05-18,A
10000055769,2018-05-27,A
10000055784,2018-07-02,A
10000055841,2018-05-14,A
10000055857,2018-05-21,A
10000055877,2018-05-10,A
10000055935,2018-05-15,A
10000055958,2018-06-01,A
10000055964,2018-05-07,A
10000056001,2018-07-06,A
10000056023,2018-05-24,A
10000056044,2018-05-08,A
10000056088,2018-06-04,A
10000056129,2018-06-28,A
10000056284,2018-05-25,A
10000056300,2018-05-17,A
10000056376,2018-07-02,B
10000056434,2018-06-16,A
10000056475,2018-06-30,A
10000056514,2018-05-29,A
10000056653,2018-06-29,A
10000056790,2018-07-01,A
10000056832,2018-06-07,A
10000056832,2018-06-16,A
10000056910,2018-06-27,A
10000056947,2018-06-07,A
10000056963,2018-05-14,A
10000056994,2018-05-12,A
10000057015,2018-05-09,A
10000057060,2018-06-23,A
10000057072,2018-06-16,A
10000057197,2018-06-04,A
10000057215,2018-05-14,A
10000057221,2018-06-04,A
10000057282,2018-05-26,A
10000057303,2018-06-01,A
10000057439,2018-05-04,A
10000057440,2018-06-15,A
10000057482,2018-05-21,A
10000057542,2018-05-23,A
10000057610,2018-06-07,A
10000057636,2018-05-13,A
10000057654,2018-05-13,A
10000057720,2018-05-12,A
10000057765,2018-06-07,A
10000057778,2018-06-17,A
10000057797,2018-07-04,B
10000057899,2018-05-21,A
10000057930,2018-05-22,A
10000057991,2018-07-05,B
10000058007,2018-06-30,A
10000058020,2018-06-20,A
10000058046,2018-06-26,A
10000058049,2018-06-14,A
10000058055,2018-06-18,A
10000058056,2018-06-02,A
10000058071,2018-06-17,A
10000058134,2018-07-06,A
10000058161,2018-05-11,A
10000058203,2018-05-29,A
10000058286,2018-05-27,A
10000058289,2018-05-29,A
10000058317,2018-06-15,A
10000058332,2018-05-04,A
10000058336,2018-06-24,A
10000058352,2018-06-03,A
10000058355,2018-05-26,A
10000058374,2018-06-11,A
10000058402,2018-07-02,A
10000058478,2018-06-25,A
10000058488,2018-05-04,A
10000058650,2018-06-25,A
10000058687,2018-05-19,A
10000058699,2018-06-15,A
10000058734,2018-05-10,A
10000058747,2018-05-17,A
10000058755,2018-05-19,A
10000058784,2018-07-03,B
10000058863,2018-07-06,A
10000058873,2018-07-01,A
10000058914,2018-05-23,A
10000058948,2018-05-03,A
10000058966,2018-06-25,A
10000058974,2018-06-16,A
10000058992,2018-05-06,A
10000059043,2018-05-27,A
10000059056,2018-05-16,A
10000059062,2018-06-13,A
10000059101,2018-06-23,A
10000059150,2018-06-24,A
10000059222,2018-06-16,A
10000059257,2018-06-16,A
10000059260,2018-06-29,A
10000059332,2018-05-08,A
10000059362,2018-05-15,A
10000059415,2018-06-16,A
10000059441,2018-06-04,A
10000059532,2018-07-05,A
10000059597,2018-05-05,A
10000059671,2018-06-04,A
10000059687,2018-06-22,A
10000059782,2018-06-20,A
10000059783,2018-07-05,A
10000059797,2018-05-28,A
10000059906,2018-05-19,A
10000059926,2018-07-04,A
10000059937,2018-07-03,B
10000059964,2018-07-01,A
10000059973,2018-06-30,A
10000059978,2018-06-17,A
10000060100,2018-06-16,A
10000060143,2018-07-03,B
10000060167,2018-06-18,A
10000060172,2018-05-10,A
10000060202,2018-05-07,A
10000060212,2018-06-16,A
10000060219,2018-07-01,A
10000060244,2018-06-16,A
10000060274,2018-05-26,A
10000060357,2018-05-21,A
10000060357,2018-06-15,A
10000060358,2018-07-03,A
10000060407,2018-05-14,A
10000060410,2018-05-22,A
10000060412,2018-05-20,A
10000060420,2018-07-03,B
10000060430,2018-06-02,A
10000060466,2018-05-16,A
10000060480,2018-06-18,A
10000060594,2018-07-06,A
10000060615,2018-07-01,A
10000060617,2018-05-14,A
10000060708,2018-05-26,A
10000060751,2018-06-07,A
10000060758,2018-05-30,A
10000060824,2018-07-03,A
10000060866,2018-06-20,A
10000060896,2018-06-01,A
10000060900,2018-06-30,A
10000060906,2018-05-15,A
10000060948,2018-05-19,A
10000060982,2018-06-15,A
10000060984,2018-06-05,A
10000061000,2018-06-02,A
10000061019,2018-05-23,A
10000061077,2018-06-18,A
10000061086,2018-06-04,A
10000061127,2018-05-24,A
10000061129,2018-06-21,A
10000061137,2018-07-05,B
10000061150,2018-06-23,A
10000061160,2018-06-14,A
10000061193,2018-06-02,A
10000061258,2018-05-19,A
10000061275,2018-06-30,A
10000061353,2018-06-06,A
10000061361,2018-06-13,A
10000061430,2018-06-22,A
10000061439,2018-07-02,B
10000061476,2018-05-30,A
10000061495,2018-06-07,A
10000061551,2018-06-03,A
10000061602,2018-05-15,A
10000061642,2018-06-22,A
10000061737,2018-05-09,A
10000061750,2018-05-27,A
10000061758,2018-06-04,A
10000061804,2018-06-16,A
10000061824,2018-06-26,A
10000061843,2018-06-19,A
10000061846,2018-07-04,B
10000061887,2018-05-25,A
10000061983,2018-07-06,A
10000062056,2018-07-06,A
10000062071,2018-07-03,A
10000062149,2018-06-18,A
10000062227,2018-05-24,A
10000062242,2018-05-16,A
10000062320,2018-07-04,A
10000062365,2018-05-03,A
10000062395,2018-05-25,A
10000062404,2018-06-19,A
10000062460,2018-06-19,A
10000062478,2018-06-16,A
10000062482,2018-06-26,A
10000062493,2018-05-09,A
10000062497,2018-06-08,A
10000062570,2018-05-29,A
10000062704,2018-07-04,A
10000062708,2018-05-31,A
10000062719,2018-05-31,A
10000062763,2018-06-27,A
10000062765,2018-05-24,A
10000062776,2018-06-16,A
10000062805,2018-06-28,A
10000062851,2018-07-05,A
10000062873,2018-07-06,B
10000062913,2018-06-18,A
10000062931,2018-07-04,B
10000062934,2018-05-14,A
10000062985,2018-06-27,A
10000063021,2018-05-05,A
10000063112,2018-05-06,A
10000063144,2018-06-24,A
10000063204,2018-05-11,A
10000063217,2018-06-13,A
10000063231,2018-06-13,A
10000063240,2018-05-10,A
10000063245,2018-05-12,A
10000063259,2018-05-08,A
10000063293,2018-06-16,A
10000063338,2018-07-01,A
10000063386,2018-05-04,A
10000063554,2018-06-01,A
10000063589,2018-05-14,A
10000063663,2018-07-04,A
10000063666,2018-07-05,A
10000063740,2018-05-30,A
10000063744,2018-06-04,A
10000063747,2018-05-31,A
10000063764,2018-06-29,A
10000063827,2018-06-22,A
10000063859,2018-06-28,A
10000063947,2018-06-28,A
10000063971,2018-06-28,A
10000063974,2018-06-20,A
10000063987,2018-07-04,B
10000064044,2018-05-30,A
10000064057,2018-06-10,A
10000064078,2018-06-23,A
10000064088,2018-06-07,A
10000064103,2018-05-19,A
10000064136,2018-06-17,A
10000064196,2018-07-04,A
10000064251,2018-05-30,A
10000064265,2018-06-29,A
10000064398,2018-06-05,A
10000064402,2018-06-19,A
10000064404,2018-06-27,A
10000064448,2018-06-27,A
10000064515,2018-07-01,A
10000064527,2018-06-01,A
10000064530,2018-05-12,A
10000064538,2018-05-13,A
10000064546,2018-06-06,A
10000064580,2018-05-26,A
10000064611,2018-06-23,A
10000064616,2018-06-04,A
10000064646,2018-06-29,A
10000064707,2018-06-19,A
10000064718,2018-06-29,A
10000064775,2018-06-24,A
10000064778,2018-05-23,A
10000064873,2018-06-14,A
10000064878,2018-07-04,B
10000064900,2018-05-09,A
10000064919,2018-05-14,A
10000064972,2018-06-28,A
10000064997,2018-07-06,B
10000065035,2018-07-03,B
10000065053,2018-06-23,A
10000065073,2018-05-04,A
10000065083,2018-07-01,A
10000065186,2018-07-02,A
10000065208,2018-06-05,A
10000065209,2018-06-04,A
10000065275,2018-06-10,A
10000065292,2018-06-26,A
10000065323,2018-07-04,A
10000065330,2018-06-08,A
10000065370,2018-05-03,A
10000065394,2018-06-04,A
10000065409,2018-06-15,A
10000065425,2018-06-18,A
10000065473,2018-06-01,A
10000065485,2018-06-21,A
10000065662,2018-07-06,A
10000065672,2018-06-02,A
10000065699,2018-05-13,A
10000065712,2018-05-09,A
10000065786,2018-07-03,A
10000065802,2018-06-11,A
10000065809,2018-06-14,A
10000065829,2018-06-21,A
10000065858,2018-07-05,B
10000065962,2018-07-04,A
10000065999,2018-07-02,A
10000066004,2018-06-21,A
10000066042,2018-06-21,A
10000066063,2018-06-19,A
10000066206,2018-06-18,A
10000066230,2018-06-09,A
10000066297,2018-05-05,A
10000066361,2018-07-05,A
10000066368,2018-06-26,A
10000066404,2018-06-14,A
10000066431,2018-06-30,A
10000066471,2018-05-07,A
10000066502,2018-07-02,B
10000066507,2018-07-02,A
10000066552,2018-05-29,A
10000066568,2018-05-24,A
10000066591,2018-06-12,A
10000066628,2018-06-14,A
10000066654,2018-06-01,A
10000066682,2018-05-10,A
10000066683,2018-06-26,A
10000066710,2018-06-21,A
10000066767,2018-05-03,A
10000066826,2018-06-26,A
10000066858,2018-06-25,A
10000066861,2018-07-03,A
10000066897,2018-06-01,A
10000067033,2018-05-07,A
10000067126,2018-05-09,A
10000067139,2018-06-24,A
10000067202,2018-05-26,A
10000067212,2018-05-06,A
10000067301,2018-06-24,A
10000067330,2018-05-07,A
10000067335,2018-05-19,A
10000067388,2018-05-19,A
10000067427,2018-07-02,A
10000067434,2018-06-29,A
10000067459,2018-06-07,A
10000067557,2018-06-13,A
10000067591,2018-07-02,B
10000067634,2018-06-29,A
10000067698,2018-06-27,A
10000067715,2018-05-22,A
10000067718,2018-06-12,A
10000067752,2018-06-20,A
10000067763,2018-06-01,A
10000067807,2018-05-05,A
10000067846,2018-05-10,A
10000067849,2018-06-26,A
10000067910,2018-05-31,A
10000067910,2018-06-11,A
10000068032,2018-05-08,A
10000068035,2018-05-11,A
10000068073,2018-07-02,B
10000068137,2018-06-22,A
10000068138,2018-05-23,A
10000068246,2018-05-19,A
10000068250,2018-07-03,A
10000068263,2018-05-24,A
10000068301,2018-06-28,A
10000068338,2018-06-15,A
10000068347,2018-06-07,A
10000068358,2018-06-14,A
10000068426,2018-06-26,A
10000068515,2018-05-19,A
10000068564,2018-05-19,A
10000068578,2018-06-09,A
10000068650,2018-05-19,A
10000068662,2018-06-09,A
10000068690,2018-06-25,A
10000068704,2018-06-02,A
10000068709,2018-05-15,A
10000068713,2018-05-23,A
10000068714,2018-07-01,A
10000068828,2018-06-22,A
10000068997,2018-05-21,A
10000069008,2018-07-02,B
10000069021,2018-07-03,B
10000069145,2018-05-19,A
10000069182,2018-06-01,A
10000069200,2018-05-25,A
10000069243,2018-05-15,A
10000069258,2018-07-05,B
10000069336,2018-06-09,A
10000069393,2018-05-06,A
10000069396,2018-07-03,B
10000069443,2018-05-16,A
10000069513,2018-06-18,A
10000069558,2018-05-05,A
10000069558,2018-06-01,A
10000069577,2018-07-06,A
10000069591,2018-06-06,A
10000069661,2018-06-05,A
10000069716,2018-06-08,A
10000069720,2018-06-06,A
10000069851,2018-06-12,A
10000069908,2018-06-06,A
10000069946,2018-06-22,A
10000069978,2018-06-07,A
10000070023,2018-05-07,A
10000070087,2018-06-29,A
10000070093,2018-06-17,A
10000070095,2018-05-29,A
10000070158,2018-05-30,A
10000070173,2018-06-16,A
10000070225,2018-06-02,A
10000070302,2018-06-05,A
10000070384,2018-06-10,A
10000070474,2018-06-02,A
10000070514,2018-06-21,A
10000070575,2018-07-01,A
10000070588,2018-05-23,A
10000070594,2018-05-15,A
10000070628,2018-06-26,A
10000070633,2018-06-16,A
10000070746,2018-05-24,A
10000070766,2018-05-03,A
10000070832,2018-06-13,A
10000070860,2018-05-18,A
10000070865,2018-05-27,A
10000070893,2018-06-15,A
10000070919,2018-06-14,A
10000070981,2018-05-31,A
10000071017,2018-05-21,A
10000071046,2018-06-05,A
10000071050,2018-06-14,A
10000071081,2018-06-05,A
10000071082,2018-05-12,A
10000071085,2018-05-17,A
10000071176,2018-05-31,A
10000071184,2018-06-26,A
10000071188,2018-06-19,A
10000071198,2018-05-05,A
10000071315,2018-06-09,A
10000071323,2018-05-08,A
10000071381,2018-05-09,A
10000071411,2018-07-03,A
10000071420,2018-06-10,A
10000071469,2018-07-05,A
10000071481,2018-06-11,A
10000071493,2018-05-11,A
10000071582,2018-05-14,A
10000071583,2018-05-06,A
10000071613,2018-05-04,A
10000071629,2018-05-12,A
10000071663,2018-05-14,A
10000071728,2018-05-10,A
10000071731,2018-06-08,A
10000071731,2018-06-25,A
10000071773,2018-06-27,A
10000071811,2018-06-08,A
10000071855,2018-06-09,A
10000071859,2018-05-07,A
10000071918,2018-05-06,A
10000071979,2018-05-28,A
10000072014,2018-07-06,A
10000072034,2018-06-15,A
10000072041,2018-06-15,A
10000072050,2018-06-26,A
10000072075,2018-06-12,A
10000072082,2018-07-02,A
10000072091,2018-05-31,A
10000072096,2018-07-06,A
10000072113,2018-05-27,A
10000072132,2018-06-18,A
10000072199,2018-05-12,A
10000072203,2018-06-06,A
10000072203,2018-06-14,A
10000072286,2018-05-15,A
10000072299,2018-05-23,A
10000072330,2018-05-20,A
10000072387,2018-07-05,A
10000072404,2018-06-08,A
10000072471,2018-05-11,A
10000072479,2018-06-16,A
10000072493,2018-05-19,A
10000072498,2018-06-09,A
10000072498,2018-07-02,A
10000072514,2018-06-26,A
10000072570,2018-05-16,A
10000072670,2018-06-04,A
10000072752,2018-06-28,A
10000072754,2018-06-10,A
10000072851,2018-05-03,A
10000072911,2018-05-27,A
10000072988,2018-06-06,A
10000073074,2018-07-03,B
10000073080,2018-06-23,A
10000073091,2018-06-07,A
10000073236,2018-06-16,A
10000073404,2018-05-24,A
10000073454,2018-06-11,A
10000073456,2018-06-01,A
10000073461,2018-06-26,A
10000073473,2018-05-19,A
10000073506,2018-06-02,A
10000073749,2018-05-28,A
10000073775,2018-06-28,A
10000073842,2018-06-26,A
10000073844,2018-06-26,A
10000073915,2018-06-10,A
10000073926,2018-07-02,A
10000074003,2018-06-17,A
10000074078,2018-06-03,A
10000074098,2018-06-19,A
10000074144,2018-06-03,A
10000074153,2018-05-08,A
10000074209,2018-05-11,A
10000074213,2018-05-03,A
10000074267,2018-06-16,A
10000074287,2018-07-06,B
10000074288,2018-07-04,B
10000074332,2018-07-05,B
10000074351,2018-05-25,A
10000074358,2018-05-13,A
10000074369,2018-05-21,A
10000074369,2018-07-02,A
10000074470,2018-05-23,A
10000074486,2018-07-04,B
10000074548,2018-05-23,A
10000074621,2018-06-05,A
10000074631,2018-05-07,A
10000074679,2018-06-09,A
10000074693,2018-05-15,A
10000074732,2018-07-04,A
10000074812,2018-07-06,B
10000074836,2018-06-08,A
10000075008,2018-05-18,A
10000075025,2018-06-27,A
10000075068,2018-07-05,B
10000075112,2018-06-05,A
10000075179,2018-06-07,A
10000075228,2018-06-08,A
10000075260,2018-06-08,A
10000075341,2018-05-13,A
10000075343,2018-06-21,A
10000075411,2018-06-10,A
10000075424,2018-05-22,A
10000075485,2018-05-29,A
10000075509,2018-07-05,B
10000075537,2018-05-29,A
10000075696,2018-05-19,A
10000075737,2018-07-06,A
10000075763,2018-06-23,A
10000075910,2018-05-04,A
10000075942,2018-07-06,B
10000075964,2018-07-04,B
10000075987,2018-07-06,B
10000076185,2018-05-29,A
10000076272,2018-07-03,B
10000076289,2018-07-04,A
10000076313,2018-05-03,A
10000076353,2018-06-21,A
10000076416,2018-07-05,A
10000076457,2018-06-20,A
10000076463,2018-05-29,A
10000076520,2018-07-03,B
10000076539,2018-06-16,A
10000076545,2018-05-29,A
10000076570,2018-06-03,A
10000076572,2018-05-11,A
10000076597,2018-06-18,A
10000076599,2018-05-10,A
10000076602,2018-06-20,A
10000076613,2018-06-25,A
10000076622,2018-06-14,A
10000076706,2018-06-01,A
10000076727,2018-05-28,A
10000076788,2018-05-09,A
10000076807,2018-05-03,A
10000076850,2018-05-29,A
10000076864,2018-06-03,A
10000076997,2018-06-24,A
10000077030,2018-05-06,A
10000077058,2018-05-08,A
10000077076,2018-06-15,A
10000077138,2018-06-18,A
10000077168,2018-06-26,A
10000077189,2018-05-17,A
10000077202,2018-07-03,B
10000077207,2018-06-15,A
10000077288,2018-06-26,A
10000077301,2018-05-10,A
10000077307,2018-05-25,A
10000077325,2018-05-03,A
10000077406,2018-06-10,A
10000077469,2018-05-03,A
10000077532,2018-07-04,B
10000077618,2018-05-29,A
10000077674,2018-07-04,A
10000077705,2018-06-09,A
10000077809,2018-05-06,A
10000077873,2018-05-17,A
10000077893,2018-06-11,A
10000077937,2018-05-20,A
10000077980,2018-06-21,A
10000078068,2018-07-02,A
10000078090,2018-06-20,A
10000078163,2018-06-27,A
10000078216,2018-07-05,B
10000078232,2018-05-13,A
10000078263,2018-06-28,A
10000078317,2018-06-19,A
10000078362,2018-05-25,A
10000078396,2018-06-27,A
10000078436,2018-06-15,A
10000078527,2018-05-11,A
10000078573,2018-05-14,A
10000078694,2018-05-23,A
10000078714,2018-07-02,B
10000078721,2018-06-08,A
10000078738,2018-05-03,A
10000078750,2018-05-21,A
10000078866,2018-06-27,A
10000079027,2018-05-24,A
10000079047,2018-05-04,A
10000079111,2018-05-15,A
10000079129,2018-05-03,A
10000079142,2018-05-23,A
10000079175,2018-05-10,A
10000079224,2018-06-14,A
10000079255,2018-06-24,A
10000079298,2018-05-07,A
10000079323,2018-06-22,A
10000079387,2018-06-25,A
10000079391,2018-05-15,A
10000079408,2018-05-03,A
10000079421,2018-06-29,A
10000079495,2018-05-11,A
10000079504,2018-07-04,A
10000079580,2018-06-21,A
10000079612,2018-05-30,A
10000079613,2018-06-09,A
10000079623,2018-05-19,A
10000079665,2018-07-04,B
10000079678,2018-05-09,A
10000079699,2018-05-22,A
10000079749,2018-05-27,A
10000079751,2018-06-16,A
10000079766,2018-05-07,A
10000079780,2018-05-23,A
10000079895,2018-06-11,A
10000079917,2018-06-28,A
10000080042,2018-05-20,A
10000080149,2018-05-21,A
10000080185,2018-07-04,B
10000080189,2018-05-03,A
10000080228,2018-05-15,A
10000080254,2018-06-29,A
10000080256,2018-05-30,A
10000080333,2018-06-07,A
10000080338,2018-05-10,A
10000080341,2018-06-10,A
10000080346,2018-05-18,A
10000080352,2018-06-15,A
10000080409,2018-06-29,A
10000080425,2018-05-11,A
10000080488,2018-06-10,A
10000080506,2018-06-30,A
10000080513,2018-05-12,A
10000080516,2018-05-30,A
10000080518,2018-05-07,A
10000080528,2018-05-11,A
10000080548,2018-06-18,A
10000080581,2018-06-10,A
10000080623,2018-06-20,A
10000080720,2018-05-29,A
10000080738,2018-06-03,A
10000080749,2018-05-04,A
10000080751,2018-05-08,A
10000080784,2018-05-28,A
10000080821,2018-06-11,A
10000080889,2018-07-02,B
10000081075,2018-05-07,A
10000081193,2018-06-30,A
10000081273,2018-06-14,A
10000081287,2018-07-01,A
10000081309,2018-06-27,A
10000081309,2018-07-03,B
10000081340,2018-05-20,A
10000081434,2018-06-07,A
10000081494,2018-05-15,A
10000081544,2018-05-29,A
10000081545,2018-05-30,A
10000081584,2018-05-24,A
10000081595,2018-06-13,A
10000081603,2018-07-03,A
10000081608,2018-05-13,A
10000081611,2018-05-05,A
10000081644,2018-06-12,A
10000081807,2018-05-10,A
10000081906,2018-05-19,A
10000081908,2018-05-27,A
10000081913,2018-05-26,A
10000081944,2018-05-04,A
10000082059,2018-05-08,A
10000082078,2018-06-06,A
10000082351,2018-07-05,B
10000082366,2018-05-20,A
10000082385,2018-05-21,A
10000082397,2018-06-07,A
10000082400,2018-07-06,A
10000082486,2018-05-10,A
10000082515,2018-06-27,A
10000082562,2018-05-31,A
10000082573,2018-06-08,A
10000082618,2018-05-07,A
10000082637,2018-05-31,A
10000082888,2018-07-01,A
10000082894,2018-06-06,A
10000082999,2018-05-08,A
10000083024,2018-06-24,A
10000083083,2018-07-06,A
10000083118,2018-06-02,A
10000083172,2018-06-19,A
10000083261,2018-06-28,A
10000083299,2018-06-04,A
10000083301,2018-06-05,A
10000083354,2018-05-28,A
10000083385,2018-05-14,A
10000083470,2018-05-26,A
10000083477,2018-06-28,A
10000083515,2018-07-05,A
10000083530,2018-05-15,A
10000083540,2018-06-14,A
10000083565,2018-05-18,A
10000083573,2018-06-12,A
10000083609,2018-05-08,A
10000083687,2018-05-10,A
10000083760,2018-05-25,A
10000083767,2018-07-06,A
10000083793,2018-06-06,A
10000083877,2018-06-21,A
10000083917,2018-06-02,A
10000083936,2018-06-01,A
10000083950,2018-06-28,A
10000083968,2018-06-16,A
10000083970,2018-05-06,A
10000084026,2018-05-31,A
10000084031,2018-07-03,B
10000084042,2018-05-26,A
10000084135,2018-06-08,A
10000084258,2018-06-21,A
10000084285,2018-06-13,A
10000084332,2018-06-15,A
10000084346,2018-05-30,A
10000084368,2018-05-29,A
10000084378,2018-07-02,B
10000084527,2018-05-24,A
10000084569,2018-05-08,A
10000084576,2018-05-18,A
10000084576,2018-07-01,A
10000084627,2018-07-06,B
10000084647,2018-07-01,A
10000084708,2018-06-22,A
10000084724,2018-07-05,A
10000084741,2018-05-12,A
10000084780,2018-05-23,A
10000084878,2018-05-03,A
10000084895,2018-06-26,A
10000084903,2018-06-16,A
10000084943,2018-06-27,A
10000085138,2018-06-02,A
10000085181,2018-05-05,A
10000085247,2018-05-24,A
10000085260,2018-06-18,A
10000085331,2018-06-04,A
10000085384,2018-05-09,A
10000085405,2018-05-04,A
10000085422,2018-05-29,A
10000085459,2018-06-16,A
10000085462,2018-06-13,A
10000085493,2018-05-13,A
10000085513,2018-05-18,A
10000085579,2018-05-19,A
10000085603,2018-07-02,A
10000085815,2018-07-03,A
10000085879,2018-07-02,B
10000085925,2018-05-23,A
10000085959,2018-07-03,A
10000086012,2018-06-30,A
10000086023,2018-05-16,A
10000086073,2018-05-20,A
10000086121,2018-05-05,A
10000086135,2018-05-10,A
10000086285,2018-06-25,A
10000086307,2018-05-06,A
10000086374,2018-06-25,A
10000086418,2018-06-02,A
10000086455,2018-07-04,B
10000086456,2018-06-06,A
10000086480,2018-05-21,A
10000086503,2018-05-29,A
10000086509,2018-06-01,A
10000086515,2018-06-17,A
10000086529,2018-05-26,A
10000086533,2018-06-14,A
10000086543,2018-05-04,A
10000086679,2018-05-27,A
10000086706,2018-05-28,A
10000086756,2018-06-20,A
10000086782,2018-06-18,A
10000086809,2018-05-21,A
10000086846,2018-05-17,A
10000086848,2018-05-04,A
10000086849,2018-05-25,A
10000086917,2018-06-30,A
10000086930,2018-05-03,A
10000086935,2018-05-11,A
10000086947,2018-07-06,A
10000086987,2018-05-07,A
10000086990,2018-06-24,A
10000086993,2018-06-17,A
10000087026,2018-06-08,A
10000087068,2018-05-11,A
10000087109,2018-05-16,A
10000087134,2018-06-09,A
10000087231,2018-07-04,B
10000087246,2018-06-14,A
10000087315,2018-05-03,A
10000087317,2018-05-22,A
10000087344,2018-05-06,A
10000087344,2018-06-19,A
10000087375,2018-05-09,A
10000087395,2018-05-04,A
10000087455,2018-05-18,A
10000087529,2018-05-19,A
10000087529,2018-06-17,A
10000087585,2018-05-27,A
10000087588,2018-05-10,A
10000087632,2018-06-06,A
10000087635,2018-07-06,B
10000087654,2018-06-24,A
10000087675,2018-06-09,A
10000087681,2018-07-03,B
10000087700,2018-06-17,A
10000087781,2018-07-06,A
10000087790,2018-05-05,A
10000087800,2018-06-26,A
10000087825,2018-07-05,A
10000087856,2018-07-04,A
10000087891,2018-05-14,A
10000088015,2018-05-05,A
10000088115,2018-06-02,A
10000088157,2018-07-03,A
10000088210,2018-05-25,A
10000088225,2018-06-27,A
10000088250,2018-07-02,B
10000088261,2018-05-30,A
10000088381,2018-05-31,A
10000088385,2018-05-06,A
10000088428,2018-07-04,A
10000088448,2018-06-26,A
10000088502,2018-05-07,A
10000088586,2018-06-16,A
10000088682,2018-07-03,B
10000088691,2018-05-21,A
10000088712,2018-05-08,A
10000088723,2018-05-24,A
10000088742,2018-05-21,A
10000088792,2018-07-04,B
10000088804,2018-05-09,A
10000088893,2018-05-18,A
10000088903,2018-05-12,A
10000089065,2018-06-02,A
10000089066,2018-07-06,A
10000089072,2018-06-09,A
10000089078,2018-06-24,A
10000089110,2018-05-11,A
10000089214,2018-06-13,A
10000089223,2018-07-04,A
10000089265,2018-05-18,A
10000089282,2018-06-20,A
10000089315,2018-05-05,A
10000089387,2018-05-27,A
10000089462,2018-06-26,A
10000089504,2018-05-29,A
10000089598,2018-06-27,A
10000089620,2018-06-01,A
10000089632,2018-06-04,A
10000089633,2018-06-07,A
10000089654,2018-05-20,A
10000089690,2018-07-05,A
10000089754,2018-05-16,A
10000089764,2018-05-17,A
10000089773,2018-07-03,B
10000089819,2018-05-21,A
10000089899,2018-07-03,A
10000089929,2018-06-02,A
10000089994,2018-06-30,A
10000090045,2018-07-03,A
10000090063,2018-05-09,A
10000090140,2018-05-31,A
10000090269,2018-06-20,A
10000090321,2018-05-20,A
10000090406,2018-06-12,A
10000090438,2018-05-30,A
10000090440,2018-05-26,A
10000090525,2018-05-17,A
10000090547,2018-05-31,A
10000090602,2018-06-03,A
10000090693,2018-05-25,A
10000090841,2018-06-28,A
10000090844,2018-05-06,A
10000090886,2018-06-20,A
10000091084,2018-06-08,A
10000091102,2018-06-10,A
10000091247,2018-05-05,A
10000091429,2018-06-30,A
10000091456,2018-06-14,A
10000091457,2018-06-10,A
10000091482,2018-06-07,A
10000091595,2018-07-03,A
10000091620,2018-06-04,A
10000091649,2018-07-01,A
10000091723,2018-05-06,A
10000091727,2018-05-18,A
10000091883,2018-06-28,A
10000091892,2018-05-18,A
10000091979,2018-06-30,A
10000092081,2018-07-05,B
10000092119,2018-05-11,A
10000092139,2018-06-03,A
10000092160,2018-07-03,A
10000092222,2018-05-31,A
10000092238,2018-07-05,B
10000092328,2018-05-31,A
10000092355,2018-06-29,A
10000092462,2018-06-25,A
10000092496,2018-05-29,A
10000092547,2018-05-20,A
10000092573,2018-05-17,A
10000092573,2018-06-08,A
10000092585,2018-05-16,A
10000092635,2018-07-01,A
10000092652,2018-05-12,A
10000092655,2018-05-22,A
10000092686,2018-06-05,A
10000092713,2018-06-17,A
10000092814,2018-05-23,A
10000093020,2018-05-03,A
10000093104,2018-06-14,A
10000093145,2018-06-16,A
10000093154,2018-06-07,A
10000093204,2018-06-11,A
10000093228,2018-05-20,A
10000093235,2018-05-29,A
10000093250,2018-06-23,A
10000093409,2018-06-28,A
10000093417,2018-05-28,A
10000093458,2018-06-28,A
10000093515,2018-06-19,A
10000093583,2018-06-01,A
10000093593,2018-05-10,A
10000093597,2018-07-06,A
10000093620,2018-05-09,A
10000093650,2018-06-07,A
10000093655,2018-06-10,A
10000093772,2018-05-30,A
10000093805,2018-05-20,A
10000093833,2018-05-17,A
10000093881,2018-05-26,A
10000093972,2018-05-05,A
10000093974,2018-07-04,A
10000094027,2018-05-15,A
10000094035,2018-06-09,A
10000094084,2018-05-18,A
10000094084,2018-06-11,A
10000094188,2018-06-19,A
10000094219,2018-07-05,A
10000094230,2018-06-08,A
10000094352,2018-05-07,A
10000094356,2018-05-06,A
10000094385,2018-05-25,A
10000094415,2018-07-03,A
10000094545,2018-05-22,A
10000094559,2018-06-23,A
10000094562,2018-05-19,A
10000094633,2018-06-22,A
10000094664,2018-05-17,A
10000094687,2018-05-20,A
10000094725,2018-05-24,A
10000094746,2018-06-11,A
10000094755,2018-06-17,A
10000094811,2018-05-07,A
10000094820,2018-07-06,B
10000094855,2018-05-19,A
10000094860,2018-07-03,A
10000094988,2018-05-05,A
10000095041,2018-07-05,A
10000095062,2018-05-15,A
10000095248,2018-05-28,A
10000095251,2018-06-09,A
10000095260,2018-06-22,A
10000095352,2018-07-04,A
10000095528,2018-06-06,A
10000095552,2018-05-06,A
10000095553,2018-05-31,A
10000095574,2018-06-27,A
10000095609,2018-05-04,A
10000095625,2018-07-06,A
10000095648,2018-07-06,B
10000095747,2018-06-30,A
10000095803,2018-06-01,A
10000095834,2018-06-30,A
10000095835,2018-05-07,A
10000095848,2018-06-08,A
10000095899,2018-06-13,A
10000096024,2018-05-27,A
10000096064,2018-05-13,A
10000096079,2018-07-06,A
10000096140,2018-05-08,A
10000096152,2018-05-09,A
10000096217,2018-06-23,A
10000096230,2018-07-03,B
10000096248,2018-06-30,A
10000096259,2018-05-17,A
10000096264,2018-06-06,A
10000096316,2018-05-07,A
10000096519,2018-06-23,A
10000096531,2018-05-28,A
10000096655,2018-06-01,A
10000096660,2018-05-29,A
10000096703,2018-05-04,A
10000096718,2018-06-22,A
10000096869,2018-06-08,A
10000096878,2018-06-01,A
10000096889,2018-06-10,A
10000096953,2018-05-22,A
10000097091,2018-06-07,A
10000097110,2018-05-20,A
10000097117,2018-05-31,A
10000097173,2018-05-14,A
10000097210,2018-06-23,A
10000097220,2018-07-02,B
10000097229,2018-05-05,A
10000097281,2018-07-05,B
10000097397,2018-07-05,A
10000097449,2018-05-25,A
10000097513,2018-07-06,B
10000097517,2018-06-06,A
10000097520,2018-07-02,B
10000097529,2018-06-19,A
10000097530,2018-05-15,A
10000097534,2018-05-16,A
10000097634,2018-05-17,A
10000097658,2018-06-26,A
10000097734,2018-06-12,A
10000097792,2018-06-12,A
10000097876,2018-05-06,A
10000097929,2018-05-24,A
10000098018,2018-05-04,A
10000098033,2018-05-08,A
10000098121,2018-06-27,A
10000098122,2018-06-28,A
10000098149,2018-06-12,A
10000098191,2018-05-23,A
10000098203,2018-05-08,A
10000098214,2018-05-13,A
10000098244,2018-06-15,A
10000098261,2018-06-17,A
10000098267,2018-05-30,A
10000098277,2018-06-01,A
10000098296,2018-05-19,A
10000098314,2018-05-04,A
10000098455,2018-06-07,A
10000098469,2018-07-01,A
10000098509,2018-06-03,A
10000098512,2018-05-06,A
10000098544,2018-07-06,B
10000098583,2018-06-26,A
10000098653,2018-06-07,A
10000098808,2018-05-19,A
10000098823,2018-05-08,A
10000098836,2018-06-13,A
10000098850,2018-06-30,A
10000098850,2018-07-05,B
10000098906,2018-07-01,A
10000098962,2018-07-01,A
10000098969,2018-07-05,A
10000099064,2018-06-30,A
10000099091,2018-06-06,A
10000099144,2018-06-19,A
10000099174,2018-05-18,A
10000099175,2018-05-27,A
10000099236,2018-06-04,A
10000099299,2018-05-23,A
10000099370,2018-06-15,A
10000099451,2018-05-15,A
10000099527,2018-05-13,A
10000099530,2018-05-19,A
10000099566,2018-06-29,A
10000099567,2018-06-04,A
10000099591,2018-05-28,A
10000099613,2018-05-31,A
10000099635,2018-06-26,A
10000099695,2018-06-27,A
10000099798,2018-06-05,A
10000099846,2018-07-04,A
10000099855,2018-07-05,B
10000099893,2018-05-21,A
10000099898,2018-06-24,A
10000099921,2018-06-18,A
10000099951,2018-07-05,B
10000099965,2018-06-03,A
10000100060,2018-06-07,A
10000100071,2018-05-24,A
10000100109,2018-05-17,A
10000100118,2018-06-27,A
10000100181,2018-06-28,A
10000100220,2018-05-16,A
10000100259,2018-06-01,A
10000100278,2018-06-24,A
10000100332,2018-06-12,A
10000100471,2018-05-27,A
10000100599,2018-06-01,A
10000100637,2018-05-30,A
10000100656,2018-06-19,A
10000100695,2018-06-09,A
10000100807,2018-05-07,A
10000100849,2018-06-16,A
10000100919,2018-05-06,A
10000100966,2018-05-11,A
10000101003,2018-05-15,A
10000101008,2018-06-03,A
10000101031,2018-06-17,A
10000101033,2018-05-24,A
10000101042,2018-05-14,A
10000101064,2018-07-01,A
10000101133,2018-05-15,A
10000101155,2018-06-17,A
10000101187,2018-05-16,A
10000101211,2018-05-07,A
10000101216,2018-05-28,A
10000101278,2018-05-19,A
10000101313,2018-06-23,A
10000101389,2018-05-30,A
10000101394,2018-06-17,A
10000101432,2018-06-26,A
10000101480,2018-06-16,A
10000101501,2018-07-02,B
10000101509,2018-07-02,B
10000101519,2018-05-17,A
10000101559,2018-05-29,A
10000101614,2018-05-22,A
10000101618,2018-05-08,A
10000101666,2018-05-08,A
10000101698,2018-06-15,A
10000101711,2018-06-03,A
10000101738,2018-05-29,A
10000101783,2018-07-05,A
10000101819,2018-07-05,B
10000101830,2018-07-05,A
10000101846,2018-05-24,A
10000101851,2018-05-26,A
10000101861,2018-06-08,A
10000101874,2018-07-02,A
10000101893,2018-06-13,A
10000101905,2018-06-04,A
10000101957,2018-07-01,A
10000101986,2018-06-14,A
10000102007,2018-06-02,A
10000102055,2018-06-11,A
10000102071,2018-06-02,A
10000102089,2018-07-06,B
10000102090,2018-06-16,A
10000102221,2018-06-03,A
10000102243,2018-06-05,A
10000102243,2018-07-02,B
10000102265,2018-05-25,A
10000102282,2018-07-01,A
10000102347,2018-06-06,A
10000102370,2018-06-23,A
10000102382,2018-05-25,A
10000102434,2018-06-19,A
10000102438,2018-06-02,A
10000102452,2018-06-07,A
10000102458,2018-06-29,A
10000102479,2018-05-11,A
10000102487,2018-05-25,A
10000102489,2018-06-02,A
10000102525,2018-07-05,A
10000102538,2018-05-12,A
10000102567,2018-05-25,A
10000102641,2018-05-17,A
10000102645,2018-06-30,A
10000102675,2018-05-17,A
10000102715,2018-07-02,A
10000102762,2018-06-28,A
10000102762,2018-07-04,A
10000102809,2018-06-20,A
10000102871,2018-07-02,B
10000102909,2018-05-27,A
10000102969,2018-05-20,A
10000102993,2018-06-30,A
10000103032,2018-05-09,A
10000103049,2018-06-19,A
10000103100,2018-05-06,A
10000103222,2018-07-01,A
10000103230,2018-06-06,A
10000103251,2018-05-07,A
10000103302,2018-06-08,A
10000103323,2018-05-03,A
10000103337,2018-05-19,A
10000103355,2018-06-08,A
10000103425,2018-07-05,A
10000103477,2018-06-16,A
10000103654,2018-06-03,A
10000103705,2018-05-26,A
10000103838,2018-05-27,A
10000103877,2018-05-11,A
10000103886,2018-06-14,A
10000103888,2018-06-12,A
10000103901,2018-05-13,A
10000103923,2018-05-15,A
10000103946,2018-06-25,A
10000104016,2018-05-25,A
10000104046,2018-06-16,A
10000104269,2018-06-29,A
10000104309,2018-05-09,A
10000104313,2018-06-10,A
10000104335,2018-07-04,B
10000104371,2018-06-19,A
10000104375,2018-05-20,A
10000104382,2018-07-01,A
10000104387,2018-06-24,A
10000104396,2018-05-04,A
10000104404,2018-06-22,A
10000104545,2018-06-19,A
10000104702,2018-06-03,A
10000104798,2018-06-18,A
10000104827,2018-06-26,A
10000104850,2018-07-02,B
10000104979,2018-07-03,A
10000104994,2018-05-27,A
10000105034,2018-07-02,A
10000105043,2018-05-29,A
10000105047,2018-06-16,A
10000105073,2018-05-12,A
10000105077,2018-07-04,A
10000105158,2018-05-12,A
10000105269,2018-05-21,A
10000105327,2018-06-02,A
10000105363,2018-05-29,A
10000105365,2018-06-13,A
10000105376,2018-05-28,A
10000105486,2018-05-12,A
10000105489,2018-05-29,A
10000105582,2018-06-25,A
10000105669,2018-06-23,A
10000105695,2018-06-23,A
10000105757,2018-06-26,A
10000105861,2018-05-28,A
10000105917,2018-06-04,A
10000105979,2018-06-12,A
10000105995,2018-05-22,A
10000106017,2018-07-05,B
10000106075,2018-06-17,A
10000106120,2018-06-19,A
10000106202,2018-06-04,A
10000106227,2018-06-19,A
10000106257,2018-05-22,A
10000106286,2018-05-17,A
10000106327,2018-05-16,A
10000106330,2018-06-01,A
10000106356,2018-05-31,A
10000106375,2018-05-31,A
10000106452,2018-06-29,A
10000106461,2018-05-11,A
10000106508,2018-06-06,A
10000106524,2018-06-24,A
10000106584,2018-06-02,A
10000106763,2018-07-04,A
10000106872,2018-06-29,A
10000106886,2018-06-15,A
10000106929,2018-05-20,A
10000106938,2018-06-29,A
10000106960,2018-06-09,A
10000106982,2018-06-01,A
10000106987,2018-06-17,A
10000106992,2018-05-04,A
10000107009,2018-06-21,A
10000107010,2018-06-22,A
10000107011,2018-05-20,A
10000107072,2018-07-06,A
